tensao,corrente,localizacao,temperatura,data
12,"3,1","-8.366507967816414, -36.68057381441562",25,2021-01-01